<component name="ArtifactManager">
  <artifact type="jar" name="DBSM Phase 1:jar">
    <output-path>$PROJECT_DIR$/out/artifacts/DBSM_Phase_1_jar</output-path>
    <root id="archive" name="DBSM Phase 1.jar">
      <element id="module-output" name="DBSM Phase 1" />
      <element id="extracted-dir" path="$MAVEN_REPOSITORY$/org/junit/jupiter/junit-jupiter/5.8.1/junit-jupiter-5.8.1.jar" path-in-jar="/" />
      <element id="extracted-dir" path="$MAVEN_REPOSITORY$/org/junit/jupiter/junit-jupiter-api/5.8.1/junit-jupiter-api-5.8.1.jar" path-in-jar="/" />
      <element id="extracted-dir" path="$MAVEN_REPOSITORY$/org/opentest4j/opentest4j/1.2.0/opentest4j-1.2.0.jar" path-in-jar="/" />
      <element id="extracted-dir" path="$MAVEN_REPOSITORY$/org/junit/platform/junit-platform-commons/1.8.1/junit-platform-commons-1.8.1.jar" path-in-jar="/" />
      <element id="extracted-dir" path="$MAVEN_REPOSITORY$/org/apiguardian/apiguardian-api/1.1.2/apiguardian-api-1.1.2.jar" path-in-jar="/" />
      <element id="extracted-dir" path="$MAVEN_REPOSITORY$/org/junit/jupiter/junit-jupiter-params/5.8.1/junit-jupiter-params-5.8.1.jar" path-in-jar="/" />
      <element id="extracted-dir" path="$MAVEN_REPOSITORY$/org/junit/jupiter/junit-jupiter-engine/5.8.1/junit-jupiter-engine-5.8.1.jar" path-in-jar="/" />
      <element id="extracted-dir" path="$MAVEN_REPOSITORY$/org/junit/platform/junit-platform-engine/1.8.1/junit-platform-engine-1.8.1.jar" path-in-jar="/" />
    </root>
  </artifact>
</component>